label,file,accuracy,balanced_accuracy,f1_macro
clean,client_C.csv,0.9683773976153447,0.9645441013269526,0.9578787843282947
client_C_noise_0.050,noisy_sets\client_C_noise_0.050.csv,0.8911353032659409,0.829250092166304,0.8216726586856016
client_C_noise_0.100,noisy_sets\client_C_noise_0.100.csv,0.7853810264385692,0.6850693915007561,0.6392689204740045
client_C_noise_0.200,noisy_sets\client_C_noise_0.200.csv,0.6511145671332297,0.5765728470633703,0.4781331518728255
