label,file,accuracy,balanced_accuracy,f1_macro
clean,client_C.csv,0.9595645412130638,0.9399209602322932,0.9419830059303188
client_C_noise_0.050,noisy_sets\client_C_noise_0.050.csv,0.7900466562986003,0.6627513101258947,0.5948381057905865
client_C_noise_0.100,noisy_sets\client_C_noise_0.100.csv,0.6511145671332297,0.5677433072524024,0.47023295738713333
client_C_noise_0.200,noisy_sets\client_C_noise_0.200.csv,0.37791601866251945,0.40801926401294825,0.3345086604010898
