,precision,recall,f1-score,support
Downstairs,0.30935251798561153,0.2654320987654321,0.2857142857142857,162.0
Jogging,0.9941860465116279,0.9378427787934186,0.9651928504233303,547.0
Sitting,0.7875,1.0,0.8811188811188811,126.0
Standing,0.2734375,0.9459459459459459,0.42424242424242425,74.0
Upstairs,0.41106719367588934,0.574585635359116,0.4792626728110599,181.0
Walking,0.8703703703703703,0.5875,0.7014925373134329,720.0
accuracy,0.7066298342541436,0.7066298342541436,0.7066298342541436,0.7066298342541436
macro avg,0.6076522714239164,0.7185510764773189,0.6228372752705691,1810.0
weighted avg,0.7814718668936641,0.7066298342541436,0.7229183936611425,1810.0
