,precision,recall,f1-score,support
Downstairs,0.16363636363636364,0.045454545454545456,0.07114624505928854,198.0
Jogging,0.7918660287081339,0.8092909535452323,0.8004836759371221,409.0
Sitting,0.38524590163934425,0.6714285714285714,0.4895833333333333,70.0
Standing,0.21981424148606812,0.8068181818181818,0.34549878345498786,88.0
Upstairs,0.28846153846153844,0.2459016393442623,0.26548672566371684,244.0
Walking,0.7305605786618445,0.6029850746268657,0.660670482420278,670.0
accuracy,0.5491363907087552,0.5491363907087552,0.5491363907087552,0.5491363907087552
macro avg,0.4299307754322155,0.5303131610362765,0.4388115409781211,1679.0
weighted avg,0.5732247023199559,0.5491363907087552,0.5441259622042451,1679.0
