,precision,recall,f1-score,support
Downstairs,0.030303030303030304,0.023809523809523808,0.02666666666666667,168.0
Jogging,0.3893316983445739,0.9491778774289985,0.5521739130434783,669.0
Sitting,0.0,0.0,0.0,110.0
Standing,0.0,0.0,0.0,84.0
Upstairs,0.08,0.01932367149758454,0.0311284046692607,207.0
Walking,0.75,0.12590448625180897,0.21561338289962825,691.0
accuracy,0.3784344219803007,0.3784344219803007,0.3784344219803007,0.3784344219803007
macro avg,0.20827245477460068,0.18636925983131933,0.1375970612131723,1929.0
weighted avg,0.41491125727497613,0.3784344219803007,0.27439957240864027,1929.0
