,precision,recall,f1-score,support
Downstairs,0.08139534883720931,0.03535353535353535,0.04929577464788732,198.0
Jogging,0.23855092276144907,0.8533007334963325,0.37286324786324787,409.0
Sitting,0.0,0.0,0.0,70.0
Standing,0.029850746268656716,0.022727272727272728,0.025806451612903226,88.0
Upstairs,0.0,0.0,0.0,244.0
Walking,0.25925925925925924,0.020895522388059702,0.03867403314917127,670.0
accuracy,0.22156045265038712,0.22156045265038712,0.22156045265038712,0.22156045265038712
macro avg,0.10150937952109573,0.15537951066086672,0.08110658454553495,1679.0
weighted avg,0.17273030128323144,0.22156045265038712,0.11342716004063748,1679.0
