,precision,recall,f1-score,support
Downstairs,0.13178294573643412,0.08585858585858586,0.10397553516819572,198.0
Jogging,0.2614742698191933,0.9193154034229829,0.4071467244179751,409.0
Sitting,0.0,0.0,0.0,70.0
Standing,0.0,0.0,0.0,88.0
Upstairs,0.06,0.012295081967213115,0.02040816326530612,244.0
Walking,0.5645161290322581,0.05223880597014925,0.09562841530054644,670.0
accuracy,0.25670041691483025,0.25670041691483025,0.25670041691483025,0.25670041691483025
macro avg,0.1696288907646476,0.1782846462031552,0.10452647302533724,1679.0
weighted avg,0.3132232317233335,0.25670041691483025,0.15256747846239155,1679.0
