,precision,recall,f1-score,support
Downstairs,0.09401709401709402,0.06790123456790123,0.07885304659498207,162.0
Jogging,0.3197099538562953,0.886654478976234,0.4699612403100775,547.0
Sitting,0.0,0.0,0.0,126.0
Standing,0.0,0.0,0.0,74.0
Upstairs,0.013888888888888888,0.0055248618784530384,0.007905138339920948,181.0
Walking,0.7281553398058253,0.10416666666666667,0.1822600243013366,720.0
accuracy,0.3160220994475138,0.3160220994475138,0.3160220994475138,0.3160220994475138
macro avg,0.1926285460946839,0.17737454034820913,0.12316324159105285,1810.0
weighted avg,0.3960761588614618,0.3160220994475138,0.22237626493618096,1810.0
