,precision,recall,f1-score,support
Downstairs,0.07258064516129033,0.05357142857142857,0.06164383561643835,168.0
Jogging,0.9979633401221996,0.7324364723467862,0.8448275862068966,669.0
Sitting,0.7012987012987013,0.9818181818181818,0.8181818181818182,110.0
Standing,0.16710875331564987,0.75,0.27331887201735355,84.0
Upstairs,0.2658959537572254,0.4444444444444444,0.33273056057866185,207.0
Walking,0.8283752860411899,0.5238784370477568,0.6418439716312057,691.0
accuracy,0.5826853291861068,0.5826853291861068,0.5826853291861068,0.5826853291861068
macro avg,0.5055371132827094,0.581024827371433,0.49542444070539576,1929.0
weighted avg,0.724965681924535,0.5826853291861068,0.622547441805277,1929.0
