,precision,recall,f1-score,support
Downstairs,0.12871287128712872,0.07738095238095238,0.09665427509293681,168.0
Jogging,0.3311298076923077,0.8236173393124065,0.4723531933133305,669.0
Sitting,0.0,0.0,0.0,110.0
Standing,0.011235955056179775,0.011904761904761904,0.011560693641618497,84.0
Upstairs,0.0,0.0,0.0,207.0
Walking,0.31666666666666665,0.027496382054992764,0.05059920106524634,691.0
accuracy,0.30274753758424056,0.30274753758424056,0.30274753758424056,0.30274753758424056
macro avg,0.13129088345038048,0.15673323927551894,0.10519456051885534,1929.0
weighted avg,0.2399741268085937,0.30274753758424056,0.19086436015770483,1929.0
