,precision,recall,f1-score,support
Downstairs,0.2087378640776699,0.25595238095238093,0.22994652406417113,168.0
Jogging,1.0,0.600896860986547,0.7507002801120448,669.0
Sitting,0.7517241379310344,0.990909090909091,0.8549019607843137,110.0
Standing,0.3145539906103286,0.7976190476190477,0.4511784511784512,84.0
Upstairs,0.1835334476843911,0.5169082125603864,0.2708860759493671,207.0
Walking,0.6026315789473684,0.3314037626628075,0.4276377217553688,691.0
accuracy,0.49611197511664074,0.49611197511664074,0.49611197511664074,0.49611197511664074
macro avg,0.5101968365417987,0.5822815592817101,0.49754183564061943,1929.0
weighted avg,0.6571228596537224,0.49611197511664074,0.531030996618705,1929.0
