,precision,recall,f1-score,support
Downstairs,0.43703703703703706,0.5959595959595959,0.5042735042735043,198.0
Jogging,0.990506329113924,0.7652811735941321,0.863448275862069,409.0
Sitting,0.8214285714285714,0.9857142857142858,0.8961038961038961,70.0
Standing,0.567741935483871,1.0,0.7242798353909465,88.0
Upstairs,0.4403409090909091,0.6352459016393442,0.5201342281879194,244.0
Walking,0.8187250996015937,0.6134328358208955,0.7013651877133106,670.0
accuracy,0.6873138773079214,0.6873138773079214,0.6873138773079214,0.6873138773079214
macro avg,0.6792966469593177,0.7659389654547089,0.7016008212552743,1679.0
weighted avg,0.7475287140052166,0.6873138773079214,0.7005883408940956,1679.0
