,precision,recall,f1-score,support
Downstairs,0.10909090909090909,0.037037037037037035,0.055299539170506916,162.0
Jogging,0.30774032459425715,0.9012797074954296,0.45881805490926014,547.0
Sitting,0.5,0.007936507936507936,0.015625,126.0
Standing,0.03278688524590164,0.02702702702702703,0.02962962962962963,74.0
Upstairs,0.0,0.0,0.0,181.0
Walking,0.3246753246753247,0.034722222222222224,0.06273525721455459,720.0
accuracy,0.29116022099447514,0.29116022099447514,0.29116022099447514,0.29116022099447514
macro avg,0.21238224060106545,0.16800041695303733,0.10368458015399189,1810.0
weighted avg,0.2680658276796776,0.29116022099447514,0.17086338628069575,1810.0
