,precision,recall,f1-score,support
Downstairs,0.1916376306620209,0.3395061728395062,0.24498886414253898,162.0
Jogging,0.9678362573099415,0.6051188299817185,0.7446569178852643,547.0
Sitting,0.8608695652173913,0.7857142857142857,0.8215767634854771,126.0
Standing,0.3383838383838384,0.9054054054054054,0.49264705882352944,74.0
Upstairs,0.1305785123966942,0.43646408839779005,0.2010178117048346,181.0
Walking,0.5741444866920152,0.20972222222222223,0.3072227873855544,720.0
accuracy,0.4320441988950276,0.4320441988950276,0.4320441988950276,0.4320441988950276
macro avg,0.5105750484436502,0.5469885007601546,0.46868503390453314,1810.0
weighted avg,0.6248510714561512,0.4320441988950276,0.4666158648964732,1810.0
